# name, x, y, type, yaw, hubheight, options
WIT_USKPL_SS001_WT001,634190.790027,4029666.65021,NREL 2.8-127 ADM AWAKEN,155.25, ,EDparam_YawDOF:False AMRparam_Actuator_openfast_stop_time:5400.0 FSTparam_DT_Out:0.5 FSTparam_TStart:0.0 ADparam_AirDens:Default EDparam_BlPitch(1):0.0 EDparam_BlPitch(2):0.0 EDparam_BlPitch(3):0.0 EDparam_YawDOF:True SDparam_YawNeut:114.75 SDparam_YCMode:5 SDparam_TYCOn:0.0 DISCONparam_Y_ControlMode:1 DISCONparam_Y_ErrThresh:'4.0 4.0' DISCONparam_WE_RhoAir:1.103707 
WIT_USKPL_SS001_WT002,633779.460062,4029623.299845,NREL 2.8-127 ADM AWAKEN,155.25, ,EDparam_YawDOF:False AMRparam_Actuator_openfast_stop_time:5400.0 FSTparam_DT_Out:0.5 FSTparam_TStart:0.0 ADparam_AirDens:Default EDparam_BlPitch(1):0.0 EDparam_BlPitch(2):0.0 EDparam_BlPitch(3):0.0 EDparam_YawDOF:True SDparam_YawNeut:114.75 SDparam_YCMode:5 SDparam_TYCOn:0.0 DISCONparam_Y_ControlMode:1 DISCONparam_Y_ErrThresh:'4.0 4.0' DISCONparam_WE_RhoAir:1.103707 
WIT_USKPL_SS001_WT003,633391.050129,4029680.830697,NREL 2.8-127 ADM AWAKEN,155.25, ,EDparam_YawDOF:False AMRparam_Actuator_openfast_stop_time:5400.0 FSTparam_DT_Out:0.5 FSTparam_TStart:0.0 ADparam_AirDens:Default EDparam_BlPitch(1):0.0 EDparam_BlPitch(2):0.0 EDparam_BlPitch(3):0.0 EDparam_YawDOF:True SDparam_YawNeut:114.75 SDparam_YCMode:5 SDparam_TYCOn:0.0 DISCONparam_Y_ControlMode:1 DISCONparam_Y_ErrThresh:'4.0 4.0' DISCONparam_WE_RhoAir:1.103707 
WIT_USKPL_SS001_WT004,632451.770284,4029582.760452,NREL 2.8-127 ADM AWAKEN,155.25, ,EDparam_YawDOF:False AMRparam_Actuator_openfast_stop_time:5400.0 FSTparam_DT_Out:0.5 FSTparam_TStart:0.0 ADparam_AirDens:Default EDparam_BlPitch(1):0.0 EDparam_BlPitch(2):0.0 EDparam_BlPitch(3):0.0 EDparam_YawDOF:True SDparam_YawNeut:114.75 SDparam_YCMode:5 SDparam_TYCOn:0.0 DISCONparam_Y_ControlMode:1 DISCONparam_Y_ErrThresh:'4.0 4.0' DISCONparam_WE_RhoAir:1.103707 
WIT_USKPL_SS001_WT005,630974.249892,4029657.400595,NREL 2.8-127 ADM AWAKEN,155.25, ,EDparam_YawDOF:False AMRparam_Actuator_openfast_stop_time:5400.0 FSTparam_DT_Out:0.5 FSTparam_TStart:0.0 ADparam_AirDens:Default EDparam_BlPitch(1):0.0 EDparam_BlPitch(2):0.0 EDparam_BlPitch(3):0.0 EDparam_YawDOF:True SDparam_YawNeut:114.75 SDparam_YCMode:5 SDparam_TYCOn:0.0 DISCONparam_Y_ControlMode:1 DISCONparam_Y_ErrThresh:'4.0 4.0' DISCONparam_WE_RhoAir:1.103707 
WIT_USKPL_SS001_WT006,631381.360323,4030531.890261,NREL 2.8-127 ADM AWAKEN,155.25, ,EDparam_YawDOF:False AMRparam_Actuator_openfast_stop_time:5400.0 FSTparam_DT_Out:0.5 FSTparam_TStart:0.0 ADparam_AirDens:Default EDparam_BlPitch(1):0.0 EDparam_BlPitch(2):0.0 EDparam_BlPitch(3):0.0 EDparam_YawDOF:True SDparam_YawNeut:114.75 SDparam_YCMode:5 SDparam_TYCOn:0.0 DISCONparam_Y_ControlMode:1 DISCONparam_Y_ErrThresh:'4.0 4.0' DISCONparam_WE_RhoAir:1.103707 
WIT_USKPL_SS001_WT007,630971.549706,4030718.380114,NREL 2.8-127 ADM AWAKEN,155.25, ,EDparam_YawDOF:False AMRparam_Actuator_openfast_stop_time:5400.0 FSTparam_DT_Out:0.5 FSTparam_TStart:0.0 ADparam_AirDens:Default EDparam_BlPitch(1):0.0 EDparam_BlPitch(2):0.0 EDparam_BlPitch(3):0.0 EDparam_YawDOF:True SDparam_YawNeut:114.75 SDparam_YCMode:5 SDparam_TYCOn:0.0 DISCONparam_Y_ControlMode:1 DISCONparam_Y_ErrThresh:'4.0 4.0' DISCONparam_WE_RhoAir:1.103707 
WIT_USKPL_SS001_WT008,630600.040162,4030812.149729,NREL 2.8-127 ADM AWAKEN,155.25, ,EDparam_YawDOF:False AMRparam_Actuator_openfast_stop_time:5400.0 FSTparam_DT_Out:0.5 FSTparam_TStart:0.0 ADparam_AirDens:Default EDparam_BlPitch(1):0.0 EDparam_BlPitch(2):0.0 EDparam_BlPitch(3):0.0 EDparam_YawDOF:True SDparam_YawNeut:114.75 SDparam_YCMode:5 SDparam_TYCOn:0.0 DISCONparam_Y_ControlMode:1 DISCONparam_Y_ErrThresh:'4.0 4.0' DISCONparam_WE_RhoAir:1.103707 
WIT_USKPL_SS001_WT009,630218.660336,4030854.720158,NREL 2.8-127 ADM AWAKEN,155.25, ,EDparam_YawDOF:False AMRparam_Actuator_openfast_stop_time:5400.0 FSTparam_DT_Out:0.5 FSTparam_TStart:0.0 ADparam_AirDens:Default EDparam_BlPitch(1):0.0 EDparam_BlPitch(2):0.0 EDparam_BlPitch(3):0.0 EDparam_YawDOF:True SDparam_YawNeut:114.75 SDparam_YCMode:5 SDparam_TYCOn:0.0 DISCONparam_Y_ControlMode:1 DISCONparam_Y_ErrThresh:'4.0 4.0' DISCONparam_WE_RhoAir:1.103707 
WIT_USKPL_SS001_WT010,634980.000014,4029700.730249,NREL 2.8-127 ADM AWAKEN,155.25, ,EDparam_YawDOF:False AMRparam_Actuator_openfast_stop_time:5400.0 FSTparam_DT_Out:0.5 FSTparam_TStart:0.0 ADparam_AirDens:Default EDparam_BlPitch(1):0.0 EDparam_BlPitch(2):0.0 EDparam_BlPitch(3):0.0 EDparam_YawDOF:True SDparam_YawNeut:114.75 SDparam_YCMode:5 SDparam_TYCOn:0.0 DISCONparam_Y_ControlMode:1 DISCONparam_Y_ErrThresh:'4.0 4.0' DISCONparam_WE_RhoAir:1.103707 
WIT_USKPL_SS001_WT012,632855.17987,4030072.31967,NREL 2.8-127 ADM AWAKEN,155.25, ,EDparam_YawDOF:False AMRparam_Actuator_openfast_stop_time:5400.0 FSTparam_DT_Out:0.5 FSTparam_TStart:0.0 ADparam_AirDens:Default EDparam_BlPitch(1):0.0 EDparam_BlPitch(2):0.0 EDparam_BlPitch(3):0.0 EDparam_YawDOF:True SDparam_YawNeut:114.75 SDparam_YCMode:5 SDparam_TYCOn:0.0 DISCONparam_Y_ControlMode:1 DISCONparam_Y_ErrThresh:'4.0 4.0' DISCONparam_WE_RhoAir:1.103707 
WIT_USKPL_SS001_WT013,633733.929648,4030916.339856,NREL 2.8-127 ADM AWAKEN,155.25, ,EDparam_YawDOF:False AMRparam_Actuator_openfast_stop_time:5400.0 FSTparam_DT_Out:0.5 FSTparam_TStart:0.0 ADparam_AirDens:Default EDparam_BlPitch(1):0.0 EDparam_BlPitch(2):0.0 EDparam_BlPitch(3):0.0 EDparam_YawDOF:True SDparam_YawNeut:114.75 SDparam_YCMode:5 SDparam_TYCOn:0.0 DISCONparam_Y_ControlMode:1 DISCONparam_Y_ErrThresh:'4.0 4.0' DISCONparam_WE_RhoAir:1.103707 
WIT_USKPL_SS001_WT014,632535.819994,4031039.989819,NREL 2.8-127 ADM AWAKEN,155.25, ,EDparam_YawDOF:False AMRparam_Actuator_openfast_stop_time:5400.0 FSTparam_DT_Out:0.5 FSTparam_TStart:0.0 ADparam_AirDens:Default EDparam_BlPitch(1):0.0 EDparam_BlPitch(2):0.0 EDparam_BlPitch(3):0.0 EDparam_YawDOF:True SDparam_YawNeut:114.75 SDparam_YCMode:5 SDparam_TYCOn:0.0 DISCONparam_Y_ControlMode:1 DISCONparam_Y_ErrThresh:'4.0 4.0' DISCONparam_WE_RhoAir:1.103707 
WIT_USKPL_SS001_WT015,631731.300363,4032085.400156,NREL 2.8-127 ADM AWAKEN,155.25, ,EDparam_YawDOF:False AMRparam_Actuator_openfast_stop_time:5400.0 FSTparam_DT_Out:0.5 FSTparam_TStart:0.0 ADparam_AirDens:Default EDparam_BlPitch(1):0.0 EDparam_BlPitch(2):0.0 EDparam_BlPitch(3):0.0 EDparam_YawDOF:True SDparam_YawNeut:114.75 SDparam_YCMode:5 SDparam_TYCOn:0.0 DISCONparam_Y_ControlMode:1 DISCONparam_Y_ErrThresh:'4.0 4.0' DISCONparam_WE_RhoAir:1.103707 
WIT_USKPL_SS001_WT016,632100.229587,4032340.820307,NREL 2.8-127 ADM AWAKEN,155.25, ,EDparam_YawDOF:False AMRparam_Actuator_openfast_stop_time:5400.0 FSTparam_DT_Out:0.5 FSTparam_TStart:0.0 ADparam_AirDens:Default EDparam_BlPitch(1):0.0 EDparam_BlPitch(2):0.0 EDparam_BlPitch(3):0.0 EDparam_YawDOF:True SDparam_YawNeut:114.75 SDparam_YCMode:5 SDparam_TYCOn:0.0 DISCONparam_Y_ControlMode:1 DISCONparam_Y_ErrThresh:'4.0 4.0' DISCONparam_WE_RhoAir:1.103707 
WIT_USKPL_SS001_WT017,632446.730364,4032612.250238,NREL 2.8-127 ADM AWAKEN,155.25, ,EDparam_YawDOF:False AMRparam_Actuator_openfast_stop_time:5400.0 FSTparam_DT_Out:0.5 FSTparam_TStart:0.0 ADparam_AirDens:Default EDparam_BlPitch(1):0.0 EDparam_BlPitch(2):0.0 EDparam_BlPitch(3):0.0 EDparam_YawDOF:True SDparam_YawNeut:114.75 SDparam_YCMode:5 SDparam_TYCOn:0.0 DISCONparam_Y_ControlMode:1 DISCONparam_Y_ErrThresh:'4.0 4.0' DISCONparam_WE_RhoAir:1.103707 
WIT_USKPL_SS001_WT018,632834.180232,4032607.929836,NREL 2.8-127 ADM AWAKEN,155.25, ,EDparam_YawDOF:False AMRparam_Actuator_openfast_stop_time:5400.0 FSTparam_DT_Out:0.5 FSTparam_TStart:0.0 ADparam_AirDens:Default EDparam_BlPitch(1):0.0 EDparam_BlPitch(2):0.0 EDparam_BlPitch(3):0.0 EDparam_YawDOF:True SDparam_YawNeut:114.75 SDparam_YCMode:5 SDparam_TYCOn:0.0 DISCONparam_Y_ControlMode:1 DISCONparam_Y_ErrThresh:'4.0 4.0' DISCONparam_WE_RhoAir:1.103707 
WIT_USKPL_SS001_WT019,636163.370227,4029716.18033,NREL 2.8-127 ADM AWAKEN,155.25, ,EDparam_YawDOF:False AMRparam_Actuator_openfast_stop_time:5400.0 FSTparam_DT_Out:0.5 FSTparam_TStart:0.0 ADparam_AirDens:Default EDparam_BlPitch(1):0.0 EDparam_BlPitch(2):0.0 EDparam_BlPitch(3):0.0 EDparam_YawDOF:True SDparam_YawNeut:114.75 SDparam_YCMode:5 SDparam_TYCOn:0.0 DISCONparam_Y_ControlMode:1 DISCONparam_Y_ErrThresh:'4.0 4.0' DISCONparam_WE_RhoAir:1.103707 
WIT_USKPL_SS001_WT020,635763.569893,4029680.700521,NREL 2.8-127 ADM AWAKEN,155.25, ,EDparam_YawDOF:False AMRparam_Actuator_openfast_stop_time:5400.0 FSTparam_DT_Out:0.5 FSTparam_TStart:0.0 ADparam_AirDens:Default EDparam_BlPitch(1):0.0 EDparam_BlPitch(2):0.0 EDparam_BlPitch(3):0.0 EDparam_YawDOF:True SDparam_YawNeut:114.75 SDparam_YCMode:5 SDparam_TYCOn:0.0 DISCONparam_Y_ControlMode:1 DISCONparam_Y_ErrThresh:'4.0 4.0' DISCONparam_WE_RhoAir:1.103707 
WIT_USKPL_SS001_WT021,635372.579905,4029680.630431,NREL 2.8-127 ADM AWAKEN,155.25, ,EDparam_YawDOF:False AMRparam_Actuator_openfast_stop_time:5400.0 FSTparam_DT_Out:0.5 FSTparam_TStart:0.0 ADparam_AirDens:Default EDparam_BlPitch(1):0.0 EDparam_BlPitch(2):0.0 EDparam_BlPitch(3):0.0 EDparam_YawDOF:True SDparam_YawNeut:114.75 SDparam_YCMode:5 SDparam_TYCOn:0.0 DISCONparam_Y_ControlMode:1 DISCONparam_Y_ErrThresh:'4.0 4.0' DISCONparam_WE_RhoAir:1.103707 
WIT_USKPL_SS001_WT022,635811.410246,4030972.110465,NREL 2.8-127 ADM AWAKEN,155.25, ,EDparam_YawDOF:False AMRparam_Actuator_openfast_stop_time:5400.0 FSTparam_DT_Out:0.5 FSTparam_TStart:0.0 ADparam_AirDens:Default EDparam_BlPitch(1):0.0 EDparam_BlPitch(2):0.0 EDparam_BlPitch(3):0.0 EDparam_YawDOF:True SDparam_YawNeut:114.75 SDparam_YCMode:5 SDparam_TYCOn:0.0 DISCONparam_Y_ControlMode:1 DISCONparam_Y_ErrThresh:'4.0 4.0' DISCONparam_WE_RhoAir:1.103707 
WIT_USKPL_SS001_WT023,636203.289613,4030883.860602,NREL 2.8-127 ADM AWAKEN,155.25, ,EDparam_YawDOF:False AMRparam_Actuator_openfast_stop_time:5400.0 FSTparam_DT_Out:0.5 FSTparam_TStart:0.0 ADparam_AirDens:Default EDparam_BlPitch(1):0.0 EDparam_BlPitch(2):0.0 EDparam_BlPitch(3):0.0 EDparam_YawDOF:True SDparam_YawNeut:114.75 SDparam_YCMode:5 SDparam_TYCOn:0.0 DISCONparam_Y_ControlMode:1 DISCONparam_Y_ErrThresh:'4.0 4.0' DISCONparam_WE_RhoAir:1.103707 
WIT_USKPL_SS001_WT024,636724.88028,4030885.870387,NREL 2.8-127 ADM AWAKEN,155.25, ,EDparam_YawDOF:False AMRparam_Actuator_openfast_stop_time:5400.0 FSTparam_DT_Out:0.5 FSTparam_TStart:0.0 ADparam_AirDens:Default EDparam_BlPitch(1):0.0 EDparam_BlPitch(2):0.0 EDparam_BlPitch(3):0.0 EDparam_YawDOF:True SDparam_YawNeut:114.75 SDparam_YCMode:5 SDparam_TYCOn:0.0 DISCONparam_Y_ControlMode:1 DISCONparam_Y_ErrThresh:'4.0 4.0' DISCONparam_WE_RhoAir:1.103707 
WIT_USKPL_SS001_WT025,637073.780363,4031057.870584,NREL 2.8-127 ADM AWAKEN,155.25, ,EDparam_YawDOF:False AMRparam_Actuator_openfast_stop_time:5400.0 FSTparam_DT_Out:0.5 FSTparam_TStart:0.0 ADparam_AirDens:Default EDparam_BlPitch(1):0.0 EDparam_BlPitch(2):0.0 EDparam_BlPitch(3):0.0 EDparam_YawDOF:True SDparam_YawNeut:114.75 SDparam_YCMode:5 SDparam_TYCOn:0.0 DISCONparam_Y_ControlMode:1 DISCONparam_Y_ErrThresh:'4.0 4.0' DISCONparam_WE_RhoAir:1.103707 
WIT_USKPL_SS001_WT026,637401.219896,4031331.080555,NREL 2.8-127 ADM AWAKEN,155.25, ,EDparam_YawDOF:False AMRparam_Actuator_openfast_stop_time:5400.0 FSTparam_DT_Out:0.5 FSTparam_TStart:0.0 ADparam_AirDens:Default EDparam_BlPitch(1):0.0 EDparam_BlPitch(2):0.0 EDparam_BlPitch(3):0.0 EDparam_YawDOF:True SDparam_YawNeut:114.75 SDparam_YCMode:5 SDparam_TYCOn:0.0 DISCONparam_Y_ControlMode:1 DISCONparam_Y_ErrThresh:'4.0 4.0' DISCONparam_WE_RhoAir:1.103707 
WIT_USKPL_SS001_WT027,637771.289755,4031203.880401,NREL 2.8-127 ADM AWAKEN,155.25, ,EDparam_YawDOF:False AMRparam_Actuator_openfast_stop_time:5400.0 FSTparam_DT_Out:0.5 FSTparam_TStart:0.0 ADparam_AirDens:Default EDparam_BlPitch(1):0.0 EDparam_BlPitch(2):0.0 EDparam_BlPitch(3):0.0 EDparam_YawDOF:True SDparam_YawNeut:114.75 SDparam_YCMode:5 SDparam_TYCOn:0.0 DISCONparam_Y_ControlMode:1 DISCONparam_Y_ErrThresh:'4.0 4.0' DISCONparam_WE_RhoAir:1.103707 
WIT_USKPL_SS001_WT028,638529.520268,4030611.540355,NREL 2.8-127 ADM AWAKEN,155.25, ,EDparam_YawDOF:False AMRparam_Actuator_openfast_stop_time:5400.0 FSTparam_DT_Out:0.5 FSTparam_TStart:0.0 ADparam_AirDens:Default EDparam_BlPitch(1):0.0 EDparam_BlPitch(2):0.0 EDparam_BlPitch(3):0.0 EDparam_YawDOF:True SDparam_YawNeut:114.75 SDparam_YCMode:5 SDparam_TYCOn:0.0 DISCONparam_Y_ControlMode:1 DISCONparam_Y_ErrThresh:'4.0 4.0' DISCONparam_WE_RhoAir:1.103707 
WIT_USKPL_SS001_WT030,639313.500232,4030544.330509,NREL 2.8-127 ADM AWAKEN,155.25, ,EDparam_YawDOF:False AMRparam_Actuator_openfast_stop_time:5400.0 FSTparam_DT_Out:0.5 FSTparam_TStart:0.0 ADparam_AirDens:Default EDparam_BlPitch(1):0.0 EDparam_BlPitch(2):0.0 EDparam_BlPitch(3):0.0 EDparam_YawDOF:True SDparam_YawNeut:114.75 SDparam_YCMode:5 SDparam_TYCOn:0.0 DISCONparam_Y_ControlMode:1 DISCONparam_Y_ErrThresh:'4.0 4.0' DISCONparam_WE_RhoAir:1.103707 
WIT_USKPL_SS001_WT031,639794.430428,4030636.839747,NREL 2.8-127 ADM AWAKEN,155.25, ,EDparam_YawDOF:False AMRparam_Actuator_openfast_stop_time:5400.0 FSTparam_DT_Out:0.5 FSTparam_TStart:0.0 ADparam_AirDens:Default EDparam_BlPitch(1):0.0 EDparam_BlPitch(2):0.0 EDparam_BlPitch(3):0.0 EDparam_YawDOF:True SDparam_YawNeut:114.75 SDparam_YCMode:5 SDparam_TYCOn:0.0 DISCONparam_Y_ControlMode:1 DISCONparam_Y_ErrThresh:'4.0 4.0' DISCONparam_WE_RhoAir:1.103707 
WIT_USKPL_SS001_WT032,640523.390199,4030646.369686,NREL 2.8-127 ADM AWAKEN,155.25, ,EDparam_YawDOF:False AMRparam_Actuator_openfast_stop_time:5400.0 FSTparam_DT_Out:0.5 FSTparam_TStart:0.0 ADparam_AirDens:Default EDparam_BlPitch(1):0.0 EDparam_BlPitch(2):0.0 EDparam_BlPitch(3):0.0 EDparam_YawDOF:True SDparam_YawNeut:114.75 SDparam_YCMode:5 SDparam_TYCOn:0.0 DISCONparam_Y_ControlMode:1 DISCONparam_Y_ErrThresh:'4.0 4.0' DISCONparam_WE_RhoAir:1.103707 
WIT_USKPL_SS001_WT033,638412.530223,4028657.719737,NREL 2.8-127 ADM AWAKEN,155.25, ,EDparam_YawDOF:False AMRparam_Actuator_openfast_stop_time:5400.0 FSTparam_DT_Out:0.5 FSTparam_TStart:0.0 ADparam_AirDens:Default EDparam_BlPitch(1):0.0 EDparam_BlPitch(2):0.0 EDparam_BlPitch(3):0.0 EDparam_YawDOF:True SDparam_YawNeut:114.75 SDparam_YCMode:5 SDparam_TYCOn:0.0 DISCONparam_Y_ControlMode:1 DISCONparam_Y_ErrThresh:'4.0 4.0' DISCONparam_WE_RhoAir:1.103707 
WIT_USKPL_SS001_WT034,638814.029822,4028667.289982,NREL 2.8-127 ADM AWAKEN,155.25, ,EDparam_YawDOF:False AMRparam_Actuator_openfast_stop_time:5400.0 FSTparam_DT_Out:0.5 FSTparam_TStart:0.0 ADparam_AirDens:Default EDparam_BlPitch(1):0.0 EDparam_BlPitch(2):0.0 EDparam_BlPitch(3):0.0 EDparam_YawDOF:True SDparam_YawNeut:114.75 SDparam_YCMode:5 SDparam_TYCOn:0.0 DISCONparam_Y_ControlMode:1 DISCONparam_Y_ErrThresh:'4.0 4.0' DISCONparam_WE_RhoAir:1.103707 
WIT_USKPL_SS001_WT035,639299.860161,4028609.099865,NREL 2.8-127 ADM AWAKEN,155.25, ,EDparam_YawDOF:False AMRparam_Actuator_openfast_stop_time:5400.0 FSTparam_DT_Out:0.5 FSTparam_TStart:0.0 ADparam_AirDens:Default EDparam_BlPitch(1):0.0 EDparam_BlPitch(2):0.0 EDparam_BlPitch(3):0.0 EDparam_YawDOF:True SDparam_YawNeut:114.75 SDparam_YCMode:5 SDparam_TYCOn:0.0 DISCONparam_Y_ControlMode:1 DISCONparam_Y_ErrThresh:'4.0 4.0' DISCONparam_WE_RhoAir:1.103707 
WIT_USKPL_SS001_WT036,640910.509828,4030667.889677,NREL 2.8-127 ADM AWAKEN,155.25, ,EDparam_YawDOF:False AMRparam_Actuator_openfast_stop_time:5400.0 FSTparam_DT_Out:0.5 FSTparam_TStart:0.0 ADparam_AirDens:Default EDparam_BlPitch(1):0.0 EDparam_BlPitch(2):0.0 EDparam_BlPitch(3):0.0 EDparam_YawDOF:True SDparam_YawNeut:114.75 SDparam_YCMode:5 SDparam_TYCOn:0.0 DISCONparam_Y_ControlMode:1 DISCONparam_Y_ErrThresh:'4.0 4.0' DISCONparam_WE_RhoAir:1.103707 
WIT_USKPL_SS001_WT037,641313.889784,4030639.430199,NREL 2.8-127 ADM AWAKEN,155.25, ,EDparam_YawDOF:False AMRparam_Actuator_openfast_stop_time:5400.0 FSTparam_DT_Out:0.5 FSTparam_TStart:0.0 ADparam_AirDens:Default EDparam_BlPitch(1):0.0 EDparam_BlPitch(2):0.0 EDparam_BlPitch(3):0.0 EDparam_YawDOF:True SDparam_YawNeut:114.75 SDparam_YCMode:5 SDparam_TYCOn:0.0 DISCONparam_Y_ControlMode:1 DISCONparam_Y_ErrThresh:'4.0 4.0' DISCONparam_WE_RhoAir:1.103707 
WIT_USKPL_SS001_WT038,641723.199993,4030603.880476,NREL 2.8-127 ADM AWAKEN,155.25, ,EDparam_YawDOF:False AMRparam_Actuator_openfast_stop_time:5400.0 FSTparam_DT_Out:0.5 FSTparam_TStart:0.0 ADparam_AirDens:Default EDparam_BlPitch(1):0.0 EDparam_BlPitch(2):0.0 EDparam_BlPitch(3):0.0 EDparam_YawDOF:True SDparam_YawNeut:114.75 SDparam_YCMode:5 SDparam_TYCOn:0.0 DISCONparam_Y_ControlMode:1 DISCONparam_Y_ErrThresh:'4.0 4.0' DISCONparam_WE_RhoAir:1.103707 
WIT_USKPL_SS001_WT039,642096.71978,4030695.540309,NREL 2.8-127 ADM AWAKEN,155.25, ,EDparam_YawDOF:False AMRparam_Actuator_openfast_stop_time:5400.0 FSTparam_DT_Out:0.5 FSTparam_TStart:0.0 ADparam_AirDens:Default EDparam_BlPitch(1):0.0 EDparam_BlPitch(2):0.0 EDparam_BlPitch(3):0.0 EDparam_YawDOF:True SDparam_YawNeut:114.75 SDparam_YCMode:5 SDparam_TYCOn:0.0 DISCONparam_Y_ControlMode:1 DISCONparam_Y_ErrThresh:'4.0 4.0' DISCONparam_WE_RhoAir:1.103707 
WIT_USKPL_SS001_WT040,642480.269675,4030613.520651,NREL 2.8-127 ADM AWAKEN,155.25, ,EDparam_YawDOF:False AMRparam_Actuator_openfast_stop_time:5400.0 FSTparam_DT_Out:0.5 FSTparam_TStart:0.0 ADparam_AirDens:Default EDparam_BlPitch(1):0.0 EDparam_BlPitch(2):0.0 EDparam_BlPitch(3):0.0 EDparam_YawDOF:True SDparam_YawNeut:114.75 SDparam_YCMode:5 SDparam_TYCOn:0.0 DISCONparam_Y_ControlMode:1 DISCONparam_Y_ErrThresh:'4.0 4.0' DISCONparam_WE_RhoAir:1.103707 
WIT_USKPL_SS001_WT041,642926.790024,4030719.630613,NREL 2.8-127 ADM AWAKEN,155.25, ,EDparam_YawDOF:False AMRparam_Actuator_openfast_stop_time:5400.0 FSTparam_DT_Out:0.5 FSTparam_TStart:0.0 ADparam_AirDens:Default EDparam_BlPitch(1):0.0 EDparam_BlPitch(2):0.0 EDparam_BlPitch(3):0.0 EDparam_YawDOF:True SDparam_YawNeut:114.75 SDparam_YCMode:5 SDparam_TYCOn:0.0 DISCONparam_Y_ControlMode:1 DISCONparam_Y_ErrThresh:'4.0 4.0' DISCONparam_WE_RhoAir:1.103707 
WIT_USKPL_SS001_WT042,643350.449554,4030724.700711,NREL 2.8-127 ADM AWAKEN,155.25, ,EDparam_YawDOF:False AMRparam_Actuator_openfast_stop_time:5400.0 FSTparam_DT_Out:0.5 FSTparam_TStart:0.0 ADparam_AirDens:Default EDparam_BlPitch(1):0.0 EDparam_BlPitch(2):0.0 EDparam_BlPitch(3):0.0 EDparam_YawDOF:True SDparam_YawNeut:114.75 SDparam_YCMode:5 SDparam_TYCOn:0.0 DISCONparam_Y_ControlMode:1 DISCONparam_Y_ErrThresh:'4.0 4.0' DISCONparam_WE_RhoAir:1.103707 
WIT_USKPL_SS001_WT043,643716.949611,4029869.340335,NREL 2.8-127 ADM AWAKEN,155.25, ,EDparam_YawDOF:False AMRparam_Actuator_openfast_stop_time:5400.0 FSTparam_DT_Out:0.5 FSTparam_TStart:0.0 ADparam_AirDens:Default EDparam_BlPitch(1):0.0 EDparam_BlPitch(2):0.0 EDparam_BlPitch(3):0.0 EDparam_YawDOF:True SDparam_YawNeut:114.75 SDparam_YCMode:5 SDparam_TYCOn:0.0 DISCONparam_Y_ControlMode:1 DISCONparam_Y_ErrThresh:'4.0 4.0' DISCONparam_WE_RhoAir:1.103707 
WIT_USKPL_SS001_WT044,644153.999834,4029912.520628,NREL 2.8-127 ADM AWAKEN,155.25, ,EDparam_YawDOF:False AMRparam_Actuator_openfast_stop_time:5400.0 FSTparam_DT_Out:0.5 FSTparam_TStart:0.0 ADparam_AirDens:Default EDparam_BlPitch(1):0.0 EDparam_BlPitch(2):0.0 EDparam_BlPitch(3):0.0 EDparam_YawDOF:True SDparam_YawNeut:114.75 SDparam_YCMode:5 SDparam_TYCOn:0.0 DISCONparam_Y_ControlMode:1 DISCONparam_Y_ErrThresh:'4.0 4.0' DISCONparam_WE_RhoAir:1.103707 
WIT_USKPL_SS001_WT045,641659.479983,4028640.250261,NREL 2.8-127 ADM AWAKEN,155.25, ,EDparam_YawDOF:False AMRparam_Actuator_openfast_stop_time:5400.0 FSTparam_DT_Out:0.5 FSTparam_TStart:0.0 ADparam_AirDens:Default EDparam_BlPitch(1):0.0 EDparam_BlPitch(2):0.0 EDparam_BlPitch(3):0.0 EDparam_YawDOF:True SDparam_YawNeut:114.75 SDparam_YCMode:5 SDparam_TYCOn:0.0 DISCONparam_Y_ControlMode:1 DISCONparam_Y_ErrThresh:'4.0 4.0' DISCONparam_WE_RhoAir:1.103707 
WIT_USKPL_SS001_WT046,642076.140282,4028698.440514,NREL 2.8-127 ADM AWAKEN,155.25, ,EDparam_YawDOF:False AMRparam_Actuator_openfast_stop_time:5400.0 FSTparam_DT_Out:0.5 FSTparam_TStart:0.0 ADparam_AirDens:Default EDparam_BlPitch(1):0.0 EDparam_BlPitch(2):0.0 EDparam_BlPitch(3):0.0 EDparam_YawDOF:True SDparam_YawNeut:114.75 SDparam_YCMode:5 SDparam_TYCOn:0.0 DISCONparam_Y_ControlMode:1 DISCONparam_Y_ErrThresh:'4.0 4.0' DISCONparam_WE_RhoAir:1.103707 
WIT_USKPL_SS001_WT047,642515.170051,4028712.130687,NREL 2.8-127 ADM AWAKEN,155.25, ,EDparam_YawDOF:False AMRparam_Actuator_openfast_stop_time:5400.0 FSTparam_DT_Out:0.5 FSTparam_TStart:0.0 ADparam_AirDens:Default EDparam_BlPitch(1):0.0 EDparam_BlPitch(2):0.0 EDparam_BlPitch(3):0.0 EDparam_YawDOF:True SDparam_YawNeut:114.75 SDparam_YCMode:5 SDparam_TYCOn:0.0 DISCONparam_Y_ControlMode:1 DISCONparam_Y_ErrThresh:'4.0 4.0' DISCONparam_WE_RhoAir:1.103707 
WIT_USKPL_SS001_WT048,642950.940076,4028717.699995,NREL 2.8-127 ADM AWAKEN,155.25, ,EDparam_YawDOF:False AMRparam_Actuator_openfast_stop_time:5400.0 FSTparam_DT_Out:0.5 FSTparam_TStart:0.0 ADparam_AirDens:Default EDparam_BlPitch(1):0.0 EDparam_BlPitch(2):0.0 EDparam_BlPitch(3):0.0 EDparam_YawDOF:True SDparam_YawNeut:114.75 SDparam_YCMode:5 SDparam_TYCOn:0.0 DISCONparam_Y_ControlMode:1 DISCONparam_Y_ErrThresh:'4.0 4.0' DISCONparam_WE_RhoAir:1.103707 
WIT_USKPL_SS001_WT049,643348.479616,4028746.350374,NREL 2.8-127 ADM AWAKEN,155.25, ,EDparam_YawDOF:False AMRparam_Actuator_openfast_stop_time:5400.0 FSTparam_DT_Out:0.5 FSTparam_TStart:0.0 ADparam_AirDens:Default EDparam_BlPitch(1):0.0 EDparam_BlPitch(2):0.0 EDparam_BlPitch(3):0.0 EDparam_YawDOF:True SDparam_YawNeut:114.75 SDparam_YCMode:5 SDparam_TYCOn:0.0 DISCONparam_Y_ControlMode:1 DISCONparam_Y_ErrThresh:'4.0 4.0' DISCONparam_WE_RhoAir:1.103707 
WIT_USKPL_SS001_WT050,644923.08965,4028068.550457,NREL 2.8-127 ADM AWAKEN,155.25, ,EDparam_YawDOF:False AMRparam_Actuator_openfast_stop_time:5400.0 FSTparam_DT_Out:0.5 FSTparam_TStart:0.0 ADparam_AirDens:Default EDparam_BlPitch(1):0.0 EDparam_BlPitch(2):0.0 EDparam_BlPitch(3):0.0 EDparam_YawDOF:True SDparam_YawNeut:114.75 SDparam_YCMode:5 SDparam_TYCOn:0.0 DISCONparam_Y_ControlMode:1 DISCONparam_Y_ErrThresh:'4.0 4.0' DISCONparam_WE_RhoAir:1.103707 
WIT_USKPL_SS001_WT051,645357.869727,4028064.730676,NREL 2.8-127 ADM AWAKEN,155.25, ,EDparam_YawDOF:False AMRparam_Actuator_openfast_stop_time:5400.0 FSTparam_DT_Out:0.5 FSTparam_TStart:0.0 ADparam_AirDens:Default EDparam_BlPitch(1):0.0 EDparam_BlPitch(2):0.0 EDparam_BlPitch(3):0.0 EDparam_YawDOF:True SDparam_YawNeut:114.75 SDparam_YCMode:5 SDparam_TYCOn:0.0 DISCONparam_Y_ControlMode:1 DISCONparam_Y_ErrThresh:'4.0 4.0' DISCONparam_WE_RhoAir:1.103707 
WIT_USKPL_SS001_WT052,645793.630296,4028042.960394,NREL 2.8-127 ADM AWAKEN,155.25, ,EDparam_YawDOF:False AMRparam_Actuator_openfast_stop_time:5400.0 FSTparam_DT_Out:0.5 FSTparam_TStart:0.0 ADparam_AirDens:Default EDparam_BlPitch(1):0.0 EDparam_BlPitch(2):0.0 EDparam_BlPitch(3):0.0 EDparam_YawDOF:True SDparam_YawNeut:114.75 SDparam_YCMode:5 SDparam_TYCOn:0.0 DISCONparam_Y_ControlMode:1 DISCONparam_Y_ErrThresh:'4.0 4.0' DISCONparam_WE_RhoAir:1.103707 
WIT_USKPL_SS001_WT053,646974.259548,4027853.440592,NREL 2.8-127 ADM AWAKEN,155.25, ,EDparam_YawDOF:False AMRparam_Actuator_openfast_stop_time:5400.0 FSTparam_DT_Out:0.5 FSTparam_TStart:0.0 ADparam_AirDens:Default EDparam_BlPitch(1):0.0 EDparam_BlPitch(2):0.0 EDparam_BlPitch(3):0.0 EDparam_YawDOF:True SDparam_YawNeut:114.75 SDparam_YCMode:5 SDparam_TYCOn:0.0 DISCONparam_Y_ControlMode:1 DISCONparam_Y_ErrThresh:'4.0 4.0' DISCONparam_WE_RhoAir:1.103707 
WIT_USKPL_SS001_WT054,642458.140138,4027436.130497,NREL 2.8-127 ADM AWAKEN,155.25, ,EDparam_YawDOF:False AMRparam_Actuator_openfast_stop_time:5400.0 FSTparam_DT_Out:0.5 FSTparam_TStart:0.0 ADparam_AirDens:Default EDparam_BlPitch(1):0.0 EDparam_BlPitch(2):0.0 EDparam_BlPitch(3):0.0 EDparam_YawDOF:True SDparam_YawNeut:114.75 SDparam_YCMode:5 SDparam_TYCOn:0.0 DISCONparam_Y_ControlMode:1 DISCONparam_Y_ErrThresh:'4.0 4.0' DISCONparam_WE_RhoAir:1.103707 
WIT_USKPL_SS001_WT055,642965.510186,4027428.280219,NREL 2.8-127 ADM AWAKEN,155.25, ,EDparam_YawDOF:False AMRparam_Actuator_openfast_stop_time:5400.0 FSTparam_DT_Out:0.5 FSTparam_TStart:0.0 ADparam_AirDens:Default EDparam_BlPitch(1):0.0 EDparam_BlPitch(2):0.0 EDparam_BlPitch(3):0.0 EDparam_YawDOF:True SDparam_YawNeut:114.75 SDparam_YCMode:5 SDparam_TYCOn:0.0 DISCONparam_Y_ControlMode:1 DISCONparam_Y_ErrThresh:'4.0 4.0' DISCONparam_WE_RhoAir:1.103707 
WIT_USKPL_SS001_WT056,643379.869674,4027477.819704,NREL 2.8-127 ADM AWAKEN,155.25, ,EDparam_YawDOF:False AMRparam_Actuator_openfast_stop_time:5400.0 FSTparam_DT_Out:0.5 FSTparam_TStart:0.0 ADparam_AirDens:Default EDparam_BlPitch(1):0.0 EDparam_BlPitch(2):0.0 EDparam_BlPitch(3):0.0 EDparam_YawDOF:True SDparam_YawNeut:114.75 SDparam_YCMode:5 SDparam_TYCOn:0.0 DISCONparam_Y_ControlMode:1 DISCONparam_Y_ErrThresh:'4.0 4.0' DISCONparam_WE_RhoAir:1.103707 
WIT_USKPL_SS001_WT057,643783.360373,4027510.40974,NREL 2.8-127 ADM AWAKEN,155.25, ,EDparam_YawDOF:False AMRparam_Actuator_openfast_stop_time:5400.0 FSTparam_DT_Out:0.5 FSTparam_TStart:0.0 ADparam_AirDens:Default EDparam_BlPitch(1):0.0 EDparam_BlPitch(2):0.0 EDparam_BlPitch(3):0.0 EDparam_YawDOF:True SDparam_YawNeut:114.75 SDparam_YCMode:5 SDparam_TYCOn:0.0 DISCONparam_Y_ControlMode:1 DISCONparam_Y_ErrThresh:'4.0 4.0' DISCONparam_WE_RhoAir:1.103707 
WIT_USKPL_SS001_WT058,644189.090267,4027458.180677,NREL 2.8-127 ADM AWAKEN,155.25, ,EDparam_YawDOF:False AMRparam_Actuator_openfast_stop_time:5400.0 FSTparam_DT_Out:0.5 FSTparam_TStart:0.0 ADparam_AirDens:Default EDparam_BlPitch(1):0.0 EDparam_BlPitch(2):0.0 EDparam_BlPitch(3):0.0 EDparam_YawDOF:True SDparam_YawNeut:114.75 SDparam_YCMode:5 SDparam_TYCOn:0.0 DISCONparam_Y_ControlMode:1 DISCONparam_Y_ErrThresh:'4.0 4.0' DISCONparam_WE_RhoAir:1.103707 
WIT_USKPL_SS001_WT059,644600.560031,4027107.990098,NREL 2.8-127 ADM AWAKEN,155.25, ,EDparam_YawDOF:False AMRparam_Actuator_openfast_stop_time:5400.0 FSTparam_DT_Out:0.5 FSTparam_TStart:0.0 ADparam_AirDens:Default EDparam_BlPitch(1):0.0 EDparam_BlPitch(2):0.0 EDparam_BlPitch(3):0.0 EDparam_YawDOF:True SDparam_YawNeut:114.75 SDparam_YCMode:5 SDparam_TYCOn:0.0 DISCONparam_Y_ControlMode:1 DISCONparam_Y_ErrThresh:'4.0 4.0' DISCONparam_WE_RhoAir:1.103707 
WIT_USKPL_SS001_WT060,646246.370245,4026348.960785,NREL 2.8-127 ADM AWAKEN,155.25, ,EDparam_YawDOF:False AMRparam_Actuator_openfast_stop_time:5400.0 FSTparam_DT_Out:0.5 FSTparam_TStart:0.0 ADparam_AirDens:Default EDparam_BlPitch(1):0.0 EDparam_BlPitch(2):0.0 EDparam_BlPitch(3):0.0 EDparam_YawDOF:True SDparam_YawNeut:114.75 SDparam_YCMode:5 SDparam_TYCOn:0.0 DISCONparam_Y_ControlMode:1 DISCONparam_Y_ErrThresh:'4.0 4.0' DISCONparam_WE_RhoAir:1.103707 
WIT_USKPL_SS001_WT061,646631.829605,4026329.120498,NREL 2.8-127 ADM AWAKEN,155.25, ,EDparam_YawDOF:False AMRparam_Actuator_openfast_stop_time:5400.0 FSTparam_DT_Out:0.5 FSTparam_TStart:0.0 ADparam_AirDens:Default EDparam_BlPitch(1):0.0 EDparam_BlPitch(2):0.0 EDparam_BlPitch(3):0.0 EDparam_YawDOF:True SDparam_YawNeut:114.75 SDparam_YCMode:5 SDparam_TYCOn:0.0 DISCONparam_Y_ControlMode:1 DISCONparam_Y_ErrThresh:'4.0 4.0' DISCONparam_WE_RhoAir:1.103707 
WIT_USKPL_SS001_WT062,647045.64997,4026325.089724,NREL 2.8-127 ADM AWAKEN,155.25, ,EDparam_YawDOF:False AMRparam_Actuator_openfast_stop_time:5400.0 FSTparam_DT_Out:0.5 FSTparam_TStart:0.0 ADparam_AirDens:Default EDparam_BlPitch(1):0.0 EDparam_BlPitch(2):0.0 EDparam_BlPitch(3):0.0 EDparam_YawDOF:True SDparam_YawNeut:114.75 SDparam_YCMode:5 SDparam_TYCOn:0.0 DISCONparam_Y_ControlMode:1 DISCONparam_Y_ErrThresh:'4.0 4.0' DISCONparam_WE_RhoAir:1.103707 
WIT_USKPL_SS001_WT063,641403.689714,4025586.110045,NREL 2.8-127 ADM AWAKEN,155.25, ,EDparam_YawDOF:False AMRparam_Actuator_openfast_stop_time:5400.0 FSTparam_DT_Out:0.5 FSTparam_TStart:0.0 ADparam_AirDens:Default EDparam_BlPitch(1):0.0 EDparam_BlPitch(2):0.0 EDparam_BlPitch(3):0.0 EDparam_YawDOF:True SDparam_YawNeut:114.75 SDparam_YCMode:5 SDparam_TYCOn:0.0 DISCONparam_Y_ControlMode:1 DISCONparam_Y_ErrThresh:'4.0 4.0' DISCONparam_WE_RhoAir:1.103707 
WIT_USKPL_SS001_WT064,641813.799909,4025661.940054,NREL 2.8-127 ADM AWAKEN,155.25, ,EDparam_YawDOF:False AMRparam_Actuator_openfast_stop_time:5400.0 FSTparam_DT_Out:0.5 FSTparam_TStart:0.0 ADparam_AirDens:Default EDparam_BlPitch(1):0.0 EDparam_BlPitch(2):0.0 EDparam_BlPitch(3):0.0 EDparam_YawDOF:True SDparam_YawNeut:114.75 SDparam_YCMode:5 SDparam_TYCOn:0.0 DISCONparam_Y_ControlMode:1 DISCONparam_Y_ErrThresh:'4.0 4.0' DISCONparam_WE_RhoAir:1.103707 
WIT_USKPL_SS001_WT065,642230.379845,4025671.830212,NREL 2.8-127 ADM AWAKEN,155.25, ,EDparam_YawDOF:False AMRparam_Actuator_openfast_stop_time:5400.0 FSTparam_DT_Out:0.5 FSTparam_TStart:0.0 ADparam_AirDens:Default EDparam_BlPitch(1):0.0 EDparam_BlPitch(2):0.0 EDparam_BlPitch(3):0.0 EDparam_YawDOF:True SDparam_YawNeut:114.75 SDparam_YCMode:5 SDparam_TYCOn:0.0 DISCONparam_Y_ControlMode:1 DISCONparam_Y_ErrThresh:'4.0 4.0' DISCONparam_WE_RhoAir:1.103707 
WIT_USKPL_SS001_WT066,642613.539896,4025660.250362,NREL 2.8-127 ADM AWAKEN,155.25, ,EDparam_YawDOF:False AMRparam_Actuator_openfast_stop_time:5400.0 FSTparam_DT_Out:0.5 FSTparam_TStart:0.0 ADparam_AirDens:Default EDparam_BlPitch(1):0.0 EDparam_BlPitch(2):0.0 EDparam_BlPitch(3):0.0 EDparam_YawDOF:True SDparam_YawNeut:114.75 SDparam_YCMode:5 SDparam_TYCOn:0.0 DISCONparam_Y_ControlMode:1 DISCONparam_Y_ErrThresh:'4.0 4.0' DISCONparam_WE_RhoAir:1.103707 
WIT_USKPL_SS001_WT067,643049.78044,4025582.409847,NREL 2.8-127 ADM AWAKEN,155.25, ,EDparam_YawDOF:False AMRparam_Actuator_openfast_stop_time:5400.0 FSTparam_DT_Out:0.5 FSTparam_TStart:0.0 ADparam_AirDens:Default EDparam_BlPitch(1):0.0 EDparam_BlPitch(2):0.0 EDparam_BlPitch(3):0.0 EDparam_YawDOF:True SDparam_YawNeut:114.75 SDparam_YCMode:5 SDparam_TYCOn:0.0 DISCONparam_Y_ControlMode:1 DISCONparam_Y_ErrThresh:'4.0 4.0' DISCONparam_WE_RhoAir:1.103707 
WIT_USKPL_SS001_WT068,643396.230251,4025740.919991,NREL 2.8-127 ADM AWAKEN,155.25, ,EDparam_YawDOF:False AMRparam_Actuator_openfast_stop_time:5400.0 FSTparam_DT_Out:0.5 FSTparam_TStart:0.0 ADparam_AirDens:Default EDparam_BlPitch(1):0.0 EDparam_BlPitch(2):0.0 EDparam_BlPitch(3):0.0 EDparam_YawDOF:True SDparam_YawNeut:114.75 SDparam_YCMode:5 SDparam_TYCOn:0.0 DISCONparam_Y_ControlMode:1 DISCONparam_Y_ErrThresh:'4.0 4.0' DISCONparam_WE_RhoAir:1.103707 
WIT_USKPL_SS001_WT069,643797.440057,4025701.139876,NREL 2.8-127 ADM AWAKEN,155.25, ,EDparam_YawDOF:False AMRparam_Actuator_openfast_stop_time:5400.0 FSTparam_DT_Out:0.5 FSTparam_TStart:0.0 ADparam_AirDens:Default EDparam_BlPitch(1):0.0 EDparam_BlPitch(2):0.0 EDparam_BlPitch(3):0.0 EDparam_YawDOF:True SDparam_YawNeut:114.75 SDparam_YCMode:5 SDparam_TYCOn:0.0 DISCONparam_Y_ControlMode:1 DISCONparam_Y_ErrThresh:'4.0 4.0' DISCONparam_WE_RhoAir:1.103707 
WIT_USKPL_SS001_WT070,644226.850374,4025657.190177,NREL 2.8-127 ADM AWAKEN,155.25, ,EDparam_YawDOF:False AMRparam_Actuator_openfast_stop_time:5400.0 FSTparam_DT_Out:0.5 FSTparam_TStart:0.0 ADparam_AirDens:Default EDparam_BlPitch(1):0.0 EDparam_BlPitch(2):0.0 EDparam_BlPitch(3):0.0 EDparam_YawDOF:True SDparam_YawNeut:114.75 SDparam_YCMode:5 SDparam_TYCOn:0.0 DISCONparam_Y_ControlMode:1 DISCONparam_Y_ErrThresh:'4.0 4.0' DISCONparam_WE_RhoAir:1.103707 
WIT_USKPL_SS001_WT071,644814.840081,4025506.469972,NREL 2.8-127 ADM AWAKEN,155.25, ,EDparam_YawDOF:False AMRparam_Actuator_openfast_stop_time:5400.0 FSTparam_DT_Out:0.5 FSTparam_TStart:0.0 ADparam_AirDens:Default EDparam_BlPitch(1):0.0 EDparam_BlPitch(2):0.0 EDparam_BlPitch(3):0.0 EDparam_YawDOF:True SDparam_YawNeut:114.75 SDparam_YCMode:5 SDparam_TYCOn:0.0 DISCONparam_Y_ControlMode:1 DISCONparam_Y_ErrThresh:'4.0 4.0' DISCONparam_WE_RhoAir:1.103707 
WIT_USKPL_SS001_WT072,637133.860426,4028139.920445,NREL 2.8-127 ADM AWAKEN,155.25, ,EDparam_YawDOF:False AMRparam_Actuator_openfast_stop_time:5400.0 FSTparam_DT_Out:0.5 FSTparam_TStart:0.0 ADparam_AirDens:Default EDparam_BlPitch(1):0.0 EDparam_BlPitch(2):0.0 EDparam_BlPitch(3):0.0 EDparam_YawDOF:True SDparam_YawNeut:114.75 SDparam_YCMode:5 SDparam_TYCOn:0.0 DISCONparam_Y_ControlMode:1 DISCONparam_Y_ErrThresh:'4.0 4.0' DISCONparam_WE_RhoAir:1.103707 
WIT_USKPL_SS001_WT073,637578.610049,4027992.970036,NREL 2.8-127 ADM AWAKEN,155.25, ,EDparam_YawDOF:False AMRparam_Actuator_openfast_stop_time:5400.0 FSTparam_DT_Out:0.5 FSTparam_TStart:0.0 ADparam_AirDens:Default EDparam_BlPitch(1):0.0 EDparam_BlPitch(2):0.0 EDparam_BlPitch(3):0.0 EDparam_YawDOF:True SDparam_YawNeut:114.75 SDparam_YCMode:5 SDparam_TYCOn:0.0 DISCONparam_Y_ControlMode:1 DISCONparam_Y_ErrThresh:'4.0 4.0' DISCONparam_WE_RhoAir:1.103707 
WIT_USKPL_SS001_WT074,638937.789768,4027388.259831,NREL 2.8-127 ADM AWAKEN,155.25, ,EDparam_YawDOF:False AMRparam_Actuator_openfast_stop_time:5400.0 FSTparam_DT_Out:0.5 FSTparam_TStart:0.0 ADparam_AirDens:Default EDparam_BlPitch(1):0.0 EDparam_BlPitch(2):0.0 EDparam_BlPitch(3):0.0 EDparam_YawDOF:True SDparam_YawNeut:114.75 SDparam_YCMode:5 SDparam_TYCOn:0.0 DISCONparam_Y_ControlMode:1 DISCONparam_Y_ErrThresh:'4.0 4.0' DISCONparam_WE_RhoAir:1.103707 
WIT_USKPL_SS001_WT075,639255.920433,4026971.980631,NREL 2.8-127 ADM AWAKEN,155.25, ,EDparam_YawDOF:False AMRparam_Actuator_openfast_stop_time:5400.0 FSTparam_DT_Out:0.5 FSTparam_TStart:0.0 ADparam_AirDens:Default EDparam_BlPitch(1):0.0 EDparam_BlPitch(2):0.0 EDparam_BlPitch(3):0.0 EDparam_YawDOF:True SDparam_YawNeut:114.75 SDparam_YCMode:5 SDparam_TYCOn:0.0 DISCONparam_Y_ControlMode:1 DISCONparam_Y_ErrThresh:'4.0 4.0' DISCONparam_WE_RhoAir:1.103707 
WIT_USKPL_SS001_WT076,640175.949875,4027374.979691,NREL 2.8-127 ADM AWAKEN,155.25, ,EDparam_YawDOF:False AMRparam_Actuator_openfast_stop_time:5400.0 FSTparam_DT_Out:0.5 FSTparam_TStart:0.0 ADparam_AirDens:Default EDparam_BlPitch(1):0.0 EDparam_BlPitch(2):0.0 EDparam_BlPitch(3):0.0 EDparam_YawDOF:True SDparam_YawNeut:114.75 SDparam_YCMode:5 SDparam_TYCOn:0.0 DISCONparam_Y_ControlMode:1 DISCONparam_Y_ErrThresh:'4.0 4.0' DISCONparam_WE_RhoAir:1.103707 
WIT_USKPL_SS001_WT077,640525.230434,4027810.340227,NREL 2.8-127 ADM AWAKEN,155.25, ,EDparam_YawDOF:False AMRparam_Actuator_openfast_stop_time:5400.0 FSTparam_DT_Out:0.5 FSTparam_TStart:0.0 ADparam_AirDens:Default EDparam_BlPitch(1):0.0 EDparam_BlPitch(2):0.0 EDparam_BlPitch(3):0.0 EDparam_YawDOF:True SDparam_YawNeut:114.75 SDparam_YCMode:5 SDparam_TYCOn:0.0 DISCONparam_Y_ControlMode:1 DISCONparam_Y_ErrThresh:'4.0 4.0' DISCONparam_WE_RhoAir:1.103707 
WIT_USKPL_SS001_WT078,640933.370408,4028117.89005,NREL 2.8-127 ADM AWAKEN,155.25, ,EDparam_YawDOF:False AMRparam_Actuator_openfast_stop_time:5400.0 FSTparam_DT_Out:0.5 FSTparam_TStart:0.0 ADparam_AirDens:Default EDparam_BlPitch(1):0.0 EDparam_BlPitch(2):0.0 EDparam_BlPitch(3):0.0 EDparam_YawDOF:True SDparam_YawNeut:114.75 SDparam_YCMode:5 SDparam_TYCOn:0.0 DISCONparam_Y_ControlMode:1 DISCONparam_Y_ErrThresh:'4.0 4.0' DISCONparam_WE_RhoAir:1.103707 
WIT_USKPL_SS001_WT080,636719.299671,4027949.040004,NREL 2.8-127 ADM AWAKEN,155.25, ,EDparam_YawDOF:False AMRparam_Actuator_openfast_stop_time:5400.0 FSTparam_DT_Out:0.5 FSTparam_TStart:0.0 ADparam_AirDens:Default EDparam_BlPitch(1):0.0 EDparam_BlPitch(2):0.0 EDparam_BlPitch(3):0.0 EDparam_YawDOF:True SDparam_YawNeut:114.75 SDparam_YCMode:5 SDparam_TYCOn:0.0 DISCONparam_Y_ControlMode:1 DISCONparam_Y_ErrThresh:'4.0 4.0' DISCONparam_WE_RhoAir:1.103707 
WIT_USKPL_SS001_WT081,636234.810401,4027735.550258,NREL 2.8-127 ADM AWAKEN,155.25, ,EDparam_YawDOF:False AMRparam_Actuator_openfast_stop_time:5400.0 FSTparam_DT_Out:0.5 FSTparam_TStart:0.0 ADparam_AirDens:Default EDparam_BlPitch(1):0.0 EDparam_BlPitch(2):0.0 EDparam_BlPitch(3):0.0 EDparam_YawDOF:True SDparam_YawNeut:114.75 SDparam_YCMode:5 SDparam_TYCOn:0.0 DISCONparam_Y_ControlMode:1 DISCONparam_Y_ErrThresh:'4.0 4.0' DISCONparam_WE_RhoAir:1.103707 
WIT_USKPL_SS001_WT082,635847.209959,4027768.5301,NREL 2.8-127 ADM AWAKEN,155.25, ,EDparam_YawDOF:False AMRparam_Actuator_openfast_stop_time:5400.0 FSTparam_DT_Out:0.5 FSTparam_TStart:0.0 ADparam_AirDens:Default EDparam_BlPitch(1):0.0 EDparam_BlPitch(2):0.0 EDparam_BlPitch(3):0.0 EDparam_YawDOF:True SDparam_YawNeut:114.75 SDparam_YCMode:5 SDparam_TYCOn:0.0 DISCONparam_Y_ControlMode:1 DISCONparam_Y_ErrThresh:'4.0 4.0' DISCONparam_WE_RhoAir:1.103707 
WIT_USKPL_SS001_WT083,635450.420226,4027710.749834,NREL 2.8-127 ADM AWAKEN,155.25, ,EDparam_YawDOF:False AMRparam_Actuator_openfast_stop_time:5400.0 FSTparam_DT_Out:0.5 FSTparam_TStart:0.0 ADparam_AirDens:Default EDparam_BlPitch(1):0.0 EDparam_BlPitch(2):0.0 EDparam_BlPitch(3):0.0 EDparam_YawDOF:True SDparam_YawNeut:114.75 SDparam_YCMode:5 SDparam_TYCOn:0.0 DISCONparam_Y_ControlMode:1 DISCONparam_Y_ErrThresh:'4.0 4.0' DISCONparam_WE_RhoAir:1.103707 
WIT_USKPL_SS001_WT084,635057.969719,4027677.930686,NREL 2.8-127 ADM AWAKEN,155.25, ,EDparam_YawDOF:False AMRparam_Actuator_openfast_stop_time:5400.0 FSTparam_DT_Out:0.5 FSTparam_TStart:0.0 ADparam_AirDens:Default EDparam_BlPitch(1):0.0 EDparam_BlPitch(2):0.0 EDparam_BlPitch(3):0.0 EDparam_YawDOF:True SDparam_YawNeut:114.75 SDparam_YCMode:5 SDparam_TYCOn:0.0 DISCONparam_Y_ControlMode:1 DISCONparam_Y_ErrThresh:'4.0 4.0' DISCONparam_WE_RhoAir:1.103707 
WIT_USKPL_SS001_WT085,634557.999709,4028024.620144,NREL 2.8-127 ADM AWAKEN,155.25, ,EDparam_YawDOF:False AMRparam_Actuator_openfast_stop_time:5400.0 FSTparam_DT_Out:0.5 FSTparam_TStart:0.0 ADparam_AirDens:Default EDparam_BlPitch(1):0.0 EDparam_BlPitch(2):0.0 EDparam_BlPitch(3):0.0 EDparam_YawDOF:True SDparam_YawNeut:114.75 SDparam_YCMode:5 SDparam_TYCOn:0.0 DISCONparam_Y_ControlMode:1 DISCONparam_Y_ErrThresh:'4.0 4.0' DISCONparam_WE_RhoAir:1.103707 
WIT_USKPL_SS001_WT086,634173.690076,4027950.149631,NREL 2.8-127 ADM AWAKEN,155.25, ,EDparam_YawDOF:False AMRparam_Actuator_openfast_stop_time:5400.0 FSTparam_DT_Out:0.5 FSTparam_TStart:0.0 ADparam_AirDens:Default EDparam_BlPitch(1):0.0 EDparam_BlPitch(2):0.0 EDparam_BlPitch(3):0.0 EDparam_YawDOF:True SDparam_YawNeut:114.75 SDparam_YCMode:5 SDparam_TYCOn:0.0 DISCONparam_Y_ControlMode:1 DISCONparam_Y_ErrThresh:'4.0 4.0' DISCONparam_WE_RhoAir:1.103707 
WIT_USKPL_SS001_WT087,633861.630175,4027717.400667,NREL 2.8-127 ADM AWAKEN,155.25, ,EDparam_YawDOF:False AMRparam_Actuator_openfast_stop_time:5400.0 FSTparam_DT_Out:0.5 FSTparam_TStart:0.0 ADparam_AirDens:Default EDparam_BlPitch(1):0.0 EDparam_BlPitch(2):0.0 EDparam_BlPitch(3):0.0 EDparam_YawDOF:True SDparam_YawNeut:114.75 SDparam_YCMode:5 SDparam_TYCOn:0.0 DISCONparam_Y_ControlMode:1 DISCONparam_Y_ErrThresh:'4.0 4.0' DISCONparam_WE_RhoAir:1.103707 
WIT_USKPL_SS001_WT088,633470.100152,4027652.180106,NREL 2.8-127 ADM AWAKEN,155.25, ,EDparam_YawDOF:False AMRparam_Actuator_openfast_stop_time:5400.0 FSTparam_DT_Out:0.5 FSTparam_TStart:0.0 ADparam_AirDens:Default EDparam_BlPitch(1):0.0 EDparam_BlPitch(2):0.0 EDparam_BlPitch(3):0.0 EDparam_YawDOF:True SDparam_YawNeut:114.75 SDparam_YCMode:5 SDparam_TYCOn:0.0 DISCONparam_Y_ControlMode:1 DISCONparam_Y_ErrThresh:'4.0 4.0' DISCONparam_WE_RhoAir:1.103707 
